,City,Cloudiness,Country,Date,Humidity,Lat,Lng,Max Temp,Wind Speed
0,Berlevag,75.0,NO,1510847400.0,92.0,70.86,29.09,33.8,14.99
1,Freeport,76.0,BS,1510850940.0,97.0,26.53,-78.7,78.0,16.02
2,Rikitea,20.0,PF,1510850942.0,100.0,-23.12,-134.97,75.53,7.52
3,Punta Arenas,90.0,CL,1510848000.0,87.0,-53.15,-70.92,42.8,8.05
4,Castro,92.0,CL,1510850946.0,83.0,-42.47,-73.77,52.76,12.21
5,Busselton,88.0,AU,1510850948.0,97.0,-33.65,115.33,67.43,19.48
6,Miastko,88.0,PL,1510850950.0,98.0,54.0,16.98,42.05,9.75
7,Dikson,12.0,RU,1510850953.0,100.0,73.51,80.55,0.38,21.72
8,Vernon,75.0,US,1510848900.0,36.0,34.15,-99.27,60.8,8.05
9,Khatanga,56.0,RU,1510850957.0,65.0,71.97,102.5,-8.18,5.17
10,Bluff,0.0,NZ,1510850959.0,100.0,-46.6,168.33,51.18,16.35
11,Bengkulu,36.0,ID,1510850961.0,100.0,-3.8,102.27,80.57,2.15
12,Qaqortoq,75.0,GL,1510847400.0,85.0,60.72,-46.03,24.8,4.7
13,San Cristobal,75.0,EC,1510848000.0,69.0,-0.9,-89.62,75.2,13.87
14,Ushuaia,40.0,AR,1510848000.0,65.0,-54.8,-68.3,46.4,5.82
15,Laguna,44.0,BR,1510850969.0,86.0,-28.48,-48.78,73.01,17.69
16,Verkhnyaya Sinyachikha,56.0,RU,1510850971.0,95.0,57.98,61.67,23.15,3.6
17,Pirna,0.0,DE,1510849200.0,86.0,50.96,13.94,41.0,6.93
18,Port Alfred,92.0,ZA,1510850758.0,100.0,-33.59,26.89,59.51,12.1
19,Mar del Plata,40.0,AR,1510848000.0,48.0,-38.0,-57.56,66.2,10.29
20,Bredasdorp,0.0,ZA,1510848000.0,52.0,-34.53,20.04,66.2,12.75
21,Barrow,90.0,US,1510847580.0,92.0,71.29,-156.79,15.8,16.11
22,Marawi,0.0,SD,1510850983.0,36.0,18.48,31.82,79.94,8.41
23,Sanmenxia,88.0,CN,1510850985.0,86.0,34.77,111.18,41.06,2.37
24,Fairbanks,90.0,US,1510849380.0,92.0,64.84,-147.72,12.2,3.36
25,Cape Town,20.0,ZA,1510848000.0,49.0,-33.93,18.42,68.0,20.8
26,Coihaique,75.0,CL,1510848000.0,54.0,-45.58,-72.07,53.6,14.99
27,Inta,76.0,RU,1510850992.0,84.0,66.03,60.17,28.05,6.06
28,Arrecife,75.0,ES,1510849800.0,64.0,28.96,-13.55,71.6,11.41
29,Nerang,90.0,AU,1510849800.0,82.0,-27.98,153.33,68.0,5.82
30,Nago,90.0,JP,1510849740.0,83.0,26.59,127.98,71.6,12.75
31,Carnarvon,36.0,AU,1510851002.0,100.0,-24.87,113.63,69.5,10.31
32,Vaini,20.0,TO,1510848000.0,94.0,-21.2,-175.2,75.2,19.48
33,Aklavik,90.0,CA,1510849620.0,83.0,68.22,-135.01,-4.01,10.29
34,Jinka,0.0,ET,1510851008.0,54.0,5.65,36.65,65.76,3.71
35,Okhotsk,56.0,RU,1510851010.0,100.0,59.38,143.3,6.05,4.72
36,Port Hawkesbury,1.0,CA,1510848000.0,64.0,45.62,-61.35,39.2,3.36
37,Jamestown,24.0,SH,1510851017.0,100.0,-15.94,-5.72,68.73,21.83
38,Puerto Ayora,75.0,EC,1510848000.0,64.0,-0.74,-90.35,75.2,11.41
39,Hilo,90.0,US,1510850580.0,94.0,19.73,-155.09,68.0,19.15
40,Kapaa,75.0,US,1510847760.0,78.0,22.08,-159.32,73.4,21.92
41,Rawson,32.0,AR,1510851025.0,59.0,-43.3,-65.1,66.98,17.47
42,Polis,0.0,CY,1510849800.0,77.0,35.04,32.43,62.6,6.93
43,Maragogi,48.0,BR,1510851029.0,74.0,-9.01,-35.22,80.48,11.99
44,Galveston,1.0,US,1510848900.0,83.0,29.3,-94.8,77.0,10.29
45,East London,40.0,ZA,1510848000.0,55.0,-33.02,27.91,60.8,12.75
46,Flinders,92.0,AU,1510848000.0,93.0,-34.58,150.86,59.0,3.36
47,Ponta do Sol,76.0,CV,1510851036.0,100.0,17.2,-25.09,77.28,12.55
48,Moroni,20.0,KM,1510848000.0,74.0,-11.7,43.26,84.2,6.93
49,Road Town,20.0,VG,1510848000.0,83.0,18.42,-64.62,80.6,5.82
50,Tuatapere,36.0,NZ,1510851043.0,100.0,-46.13,167.68,49.65,12.21
51,Yulara,0.0,AU,1510848000.0,77.0,-25.24,130.99,68.0,6.93
52,Port Blair,0.0,IN,1510851047.0,100.0,11.67,92.75,82.82,1.92
53,Cherskiy,48.0,RU,1510851049.0,73.0,68.75,161.3,0.56,7.52
54,Yarkovo,92.0,RU,1510851053.0,94.0,57.4,67.08,34.35,11.88
55,Hostotipaquillo,0.0,MX,1510851055.0,30.0,21.07,-104.07,78.18,2.04
56,Messini,40.0,GR,1510849200.0,68.0,37.05,22.01,66.2,6.93
57,Lakes Entrance,88.0,AU,1510851061.0,94.0,-37.88,147.98,63.15,9.98
58,Makinsk,68.0,KZ,1510851064.0,93.0,52.63,70.42,28.46,16.91
59,Hermanus,8.0,ZA,1510851066.0,63.0,-34.42,19.23,58.7,8.63
60,Tuktoyaktuk,90.0,CA,1510848000.0,84.0,69.45,-133.04,-0.41,8.05
61,Souillac,75.0,MU,1510848000.0,94.0,-20.52,57.52,75.2,3.36
62,Synya,92.0,RU,1510851072.0,84.0,65.37,58.04,27.78,8.41
63,Bumba,76.0,CD,1510851077.0,88.0,2.18,22.47,77.73,4.16
64,Comodoro Rivadavia,75.0,AR,1510849440.0,31.0,-45.87,-67.5,73.4,20.8
65,Maldonado,75.0,UY,1510848000.0,55.0,-34.9,-54.95,64.4,16.11
66,Norman Wells,90.0,CA,1510849140.0,84.0,65.28,-126.83,1.4,2.24
67,Albany,48.0,AU,1510851088.0,79.0,-35.02,117.89,68.69,12.66
68,Dzhebariki-Khaya,68.0,RU,1510851090.0,38.0,62.22,135.8,-25.37,2.82
69,Avarua,75.0,CK,1510848000.0,88.0,-21.21,-159.78,75.2,4.7
70,Butaritari,12.0,KI,1510851093.0,100.0,3.07,172.79,82.37,8.08
71,Longyearbyen,75.0,SJ,1510849200.0,73.0,78.22,15.64,26.6,16.11
72,Basco,48.0,PH,1510851099.0,100.0,20.45,121.97,81.15,13.22
73,Hami,80.0,CN,1510851101.0,83.0,42.8,93.45,27.74,2.59
74,Ribeira Grande,40.0,PT,1510849800.0,73.0,38.52,-28.7,69.8,8.05
75,Tasiilaq,20.0,GL,1510847400.0,79.0,65.61,-37.64,21.2,3.36
76,Roald,75.0,NO,1510849200.0,87.0,62.58,6.13,42.8,16.11
77,Chateaubelair,75.0,VC,1510848000.0,79.0,13.28,-61.25,86.0,11.41
78,Maple Creek,0.0,CA,1510851110.0,70.0,49.92,-109.48,41.15,20.83
79,Mahebourg,75.0,MU,1510848000.0,94.0,-20.41,57.7,75.2,3.36
80,Alice Springs,20.0,AU,1510849800.0,72.0,-23.7,133.88,68.0,6.93
81,Provideniya,48.0,RU,1510851123.0,100.0,64.38,-173.3,31.61,28.54
82,Abu Zabad,0.0,SD,1510851125.0,52.0,12.35,29.25,76.97,2.37
83,Sitka,1.0,US,1510847760.0,63.0,57.05,-135.33,26.6,3.36
84,Komsomolskiy,12.0,RU,1510851129.0,91.0,43.98,46.7,42.81,4.38
85,Ojinaga,0.0,MX,1510851131.0,30.0,29.57,-104.42,68.91,4.05
86,Sisimiut,12.0,GL,1510851133.0,100.0,66.94,-53.67,-6.02,2.37
87,Tula,0.0,MX,1510851136.0,55.0,23.0,-99.72,76.79,2.59
88,Sucua,56.0,EC,1510851138.0,95.0,-2.47,-78.17,73.86,4.05
89,Padang,88.0,ID,1510851140.0,100.0,-0.95,100.35,78.41,1.59
90,Sao Filipe,88.0,CV,1510851142.0,94.0,14.9,-24.5,78.9,8.63
91,Hithadhoo,92.0,MV,1510851144.0,100.0,-0.6,73.08,83.0,13.22
92,Najran,0.0,SA,1510848000.0,22.0,17.49,44.13,69.8,4.7
93,Hovd,80.0,MN,1510851149.0,80.0,48.01,91.64,13.61,0.92
94,Hobart,75.0,AU,1510849800.0,93.0,-42.88,147.33,55.4,5.82
95,Abalak,0.0,NE,1510851153.0,57.0,15.45,6.28,79.85,2.93
96,Georgetown,8.0,SH,1510851155.0,100.0,-7.93,-14.42,75.08,18.7
97,Concarneau,0.0,FR,1510849800.0,87.0,47.88,-3.92,51.8,2.24
98,Yellowknife,90.0,CA,1510848000.0,84.0,62.46,-114.35,5.0,12.75
99,Port Elizabeth,40.0,ZA,1510848000.0,63.0,-33.92,25.57,60.8,8.05
100,El Rosario,20.0,SV,1510847400.0,58.0,13.5,-89.03,86.0,4.7
101,Smithers,90.0,CA,1510848000.0,92.0,54.78,-127.17,12.2,2.24
102,Palmer,90.0,US,1510849920.0,93.0,42.16,-72.33,44.6,4.7
103,Fortuna,90.0,US,1510849920.0,87.0,40.6,-124.16,50.0,6.93
104,Atuona,0.0,PF,1510851171.0,100.0,-9.8,-139.03,79.49,17.02
105,Iqaluit,20.0,CA,1510848000.0,69.0,63.75,-68.51,-7.61,26.4
106,Trapani,75.0,IT,1510849200.0,82.0,38.02,12.54,60.8,17.22
107,Kilembe,36.0,UG,1510851177.0,93.0,0.2,30.0,68.96,3.15
108,Kommunisticheskiy,24.0,RU,1510851179.0,81.0,61.68,64.48,13.52,4.61
109,Iracoubo,44.0,GF,1510851183.0,66.0,5.48,-53.2,85.61,7.18
110,Peque,80.0,CO,1510851185.0,91.0,7.02,-75.91,69.77,2.37
111,Godinesti,92.0,RO,1510851186.0,98.0,45.0,22.97,41.55,2.71
112,Tuy Hoa,92.0,VN,1510851188.0,100.0,13.08,109.3,75.35,2.37
113,Belmonte,75.0,BR,1510848000.0,83.0,-15.86,-38.88,80.6,10.29
114,Luderitz,0.0,NA,1510850936.0,62.0,-26.65,15.16,63.33,24.52
115,Amarante do Maranhao,76.0,BR,1510851194.0,87.0,-5.57,-46.74,78.63,3.71
116,Cayenne,40.0,GF,1510848000.0,62.0,4.93,-52.33,89.6,12.75
117,Esfarayen,0.0,IR,1510848000.0,45.0,37.08,57.51,48.2,6.93
118,Medicine Hat,90.0,CA,1510848000.0,97.0,50.05,-110.67,32.0,6.93
119,Pervomayskoye,12.0,RU,1510851203.0,91.0,43.92,46.71,42.81,4.38
120,Wukari,0.0,NG,1510851205.0,39.0,7.85,9.78,90.02,4.16
121,Ancud,36.0,CL,1510851209.0,77.0,-41.87,-73.82,55.64,11.88
122,Bokoro,0.0,TD,1510851211.0,21.0,12.38,17.06,81.96,7.52
123,Nuuk,20.0,GL,1510847400.0,67.0,64.18,-51.72,21.2,10.29
124,Nosy Varika,76.0,MG,1510851216.0,94.0,-20.58,48.53,76.52,6.73
125,Bethel,90.0,US,1510849080.0,76.0,41.37,-73.41,55.4,11.41
126,Raipur,68.0,IN,1510851220.0,89.0,21.23,81.63,72.33,7.96
127,Tiksi,76.0,RU,1510851222.0,79.0,71.69,128.87,8.75,11.32
128,Nijar,0.0,ES,1510849800.0,67.0,36.97,-2.21,62.6,2.24
129,Vredendal,0.0,ZA,1510851226.0,45.0,-31.67,18.5,62.57,5.39
130,Salalah,0.0,OM,1510847400.0,57.0,17.02,54.09,80.6,1.12
131,Namibe,0.0,AO,1510851231.0,100.0,-15.2,12.15,71.48,6.29
132,Kamaishi,64.0,JP,1510851233.0,93.0,39.27,141.88,33.18,4.38
133,Araxa,40.0,BR,1510848000.0,45.0,-19.59,-46.94,82.4,5.82
134,Male,90.0,MV,1510848000.0,83.0,4.17,73.51,80.6,9.17
135,Clyde River,40.0,CA,1510848000.0,68.0,70.47,-68.59,-18.41,8.05
136,Ilulissat,20.0,GL,1510847400.0,46.0,69.22,-51.1,6.8,17.22
137,Vanderhoof,68.0,CA,1510851122.0,66.0,54.02,-124.02,12.35,3.27
138,Nelson Bay,92.0,AU,1510849800.0,77.0,-32.72,152.15,66.2,10.29
139,Kavieng,44.0,PG,1510851246.0,100.0,-2.57,150.8,81.02,3.15
140,Kavaratti,32.0,IN,1510851247.0,100.0,10.57,72.64,83.09,4.72
141,Coquimbo,0.0,CL,1510848000.0,63.0,-29.95,-71.34,62.6,12.75
142,Zaraza,32.0,VE,1510851251.0,55.0,9.35,-65.32,92.0,10.42
143,Presidencia Roque Saenz Pena,92.0,AR,1510851253.0,58.0,-26.79,-60.44,69.41,17.02
144,Tigzirt,0.0,DZ,1510851257.0,100.0,36.89,4.12,42.0,1.36
145,Soria,0.0,ES,1510851259.0,53.0,41.76,-2.47,40.83,4.38
146,Iwanai,76.0,JP,1510851260.0,100.0,42.97,140.51,36.02,15.79
147,Gorno-Altaysk,48.0,RU,1510851262.0,85.0,51.96,85.95,7.13,2.93
148,Lilongwe,0.0,MW,1510851264.0,39.0,-13.97,33.79,74.4,7.18
149,Carahue,92.0,CL,1510851268.0,100.0,-38.7,-73.17,54.83,11.32
150,Belaya Gora,80.0,RU,1510851270.0,78.0,68.53,146.42,4.56,11.99
151,Saint Joseph,1.0,US,1510847580.0,59.0,39.77,-94.85,39.2,8.05
152,Nagpur,40.0,IN,1510849800.0,78.0,21.15,79.1,75.2,7.52
153,Baie-Comeau,90.0,CA,1510850700.0,92.0,49.22,-68.15,33.8,11.41
154,Bambous Virieux,75.0,MU,1510848000.0,94.0,-20.34,57.76,75.2,3.36
155,Guiratinga,32.0,BR,1510851282.0,46.0,-16.35,-53.76,91.05,8.86
156,San Quintin,0.0,MX,1510851284.0,38.0,30.48,-115.95,76.56,3.71
157,Cochrane,90.0,CA,1510849080.0,92.0,51.18,-114.47,15.8,8.05
158,Petukhovo,88.0,RU,1510851287.0,94.0,55.07,67.9,36.11,23.06
159,Port-Cartier,90.0,CA,1510848000.0,100.0,50.03,-66.87,32.0,12.75
160,Saskylakh,76.0,RU,1510851291.0,66.0,71.92,114.08,-4.13,6.4
161,New Norfolk,75.0,AU,1510849800.0,93.0,-42.78,147.06,55.4,5.82
162,Igarka,64.0,RU,1510851296.0,67.0,67.47,86.58,-4.49,18.25
163,Qaanaaq,0.0,GL,1510851298.0,100.0,77.48,-69.36,-11.42,8.63
164,Haldia,92.0,IN,1510851302.0,98.0,22.06,88.11,71.12,10.2
165,Agadir,0.0,MA,1510849800.0,56.0,30.42,-9.6,69.8,11.41
166,Sabinas,0.0,MX,1510851307.0,84.0,27.85,-101.12,69.05,2.15
167,Luanda,20.0,AO,1510848000.0,74.0,-8.84,13.23,78.8,8.05
168,Guerrero,0.0,MX,1510851311.0,49.0,20.17,-98.65,68.87,2.48
169,Tilichiki,8.0,RU,1510851313.0,76.0,60.47,166.1,16.67,2.71
170,Macau,12.0,BR,1510851314.0,34.0,-5.12,-36.63,93.89,14.12
171,Chapais,90.0,CA,1510849440.0,86.0,49.78,-74.85,30.2,5.82
172,Inhambane,48.0,MZ,1510851318.0,100.0,-23.86,35.38,71.39,16.24
173,Saint-Philippe,40.0,RE,1510849800.0,78.0,-21.36,55.77,77.0,3.36
174,Pangnirtung,90.0,CA,1510850520.0,84.0,66.15,-65.71,6.8,11.41
175,Chiredzi,0.0,ZW,1510851326.0,72.0,-21.05,31.67,68.33,2.71
176,Cidreira,92.0,BR,1510851329.0,71.0,-30.18,-50.21,72.96,13.0
177,San Patricio,20.0,MX,1510847640.0,74.0,19.22,-104.7,84.2,6.93
178,Nantucket,75.0,US,1510850100.0,76.0,41.28,-70.1,51.8,19.46
179,Torbay,40.0,CA,1510848000.0,69.0,47.67,-52.73,37.4,21.92
180,Tolaga Bay,0.0,NZ,1510851340.0,80.0,-38.37,178.3,47.45,3.49
181,Martapura,40.0,ID,1510849800.0,94.0,-3.42,114.85,78.8,2.24
182,Vao,0.0,NC,1510851346.0,100.0,-22.67,167.48,72.06,15.79
183,Guarapari,20.0,BR,1510848000.0,66.0,-20.67,-40.5,84.2,17.22
184,Uyuni,0.0,BO,1510851349.0,25.0,-20.46,-66.83,69.41,8.08
185,Chokurdakh,88.0,RU,1510851133.0,89.0,70.63,147.92,14.55,10.98
186,Praia,40.0,CV,1510848000.0,58.0,14.92,-23.51,84.2,14.99
187,Delvine,40.0,AL,1510849200.0,68.0,39.95,20.1,64.4,9.17
188,Sopelana,0.0,ES,1510849800.0,82.0,43.38,-2.98,57.2,1.12
189,Timra,0.0,SE,1510849200.0,100.0,62.49,17.33,32.0,4.7
190,Niquero,0.0,CU,1510851364.0,98.0,20.04,-77.58,81.78,11.88
191,Imbituba,0.0,BR,1510848000.0,36.0,-28.24,-48.67,91.4,14.99
192,Touros,0.0,BR,1510851369.0,63.0,-5.2,-35.46,84.66,18.48
193,Victoria,40.0,SC,1510848000.0,78.0,-4.62,55.45,80.6,2.24
194,Port Moresby,92.0,PG,1510851374.0,100.0,-9.44,147.18,77.24,1.92
195,Aloleng,20.0,PH,1510851376.0,99.0,16.13,119.78,80.39,2.48
196,Tarauaca,44.0,BR,1510851378.0,77.0,-8.16,-70.77,85.83,4.16
197,Awjilah,0.0,LY,1510851380.0,30.0,29.11,21.29,64.28,11.32
198,Chukhloma,64.0,RU,1510851382.0,96.0,58.75,42.68,32.28,9.98
199,Maturin,44.0,VE,1510851326.0,67.0,9.75,-63.18,89.48,5.17
200,Husavik,40.0,IS,1510848000.0,100.0,66.04,-17.34,32.0,19.46
201,Channel-Port aux Basques,0.0,CA,1510851389.0,100.0,47.57,-59.14,38.4,2.82
202,Trelleborg,90.0,SE,1510849200.0,93.0,55.38,13.16,48.2,14.99
203,Kirkwall,40.0,GB,1510849200.0,75.0,58.98,-2.96,42.8,23.04
204,Cockburn Town,92.0,BS,1510851401.0,100.0,24.03,-74.52,79.35,14.0
205,Lebu,100.0,CL,1510851405.0,99.0,-37.62,-73.65,56.09,13.56
206,Methoni,40.0,GR,1510849200.0,68.0,36.82,21.7,66.2,6.93
207,Kalabo,0.0,ZM,1510851412.0,59.0,-14.97,22.68,70.26,10.76
208,Chuy,76.0,UY,1510851414.0,82.0,-33.7,-53.46,64.1,15.57
209,Kenai,90.0,US,1510849980.0,92.0,60.55,-151.26,21.2,4.7
210,Bathsheba,75.0,BB,1510848000.0,74.0,13.22,-59.52,87.8,14.99
211,Cubara,20.0,CO,1510851420.0,75.0,7.0,-72.11,80.66,2.37
212,Pevek,64.0,RU,1510851422.0,100.0,69.7,170.31,8.66,14.34
213,Florianopolis,0.0,BR,1510848000.0,36.0,-27.6,-48.55,91.4,14.99
214,Saint George,20.0,BM,1510847700.0,60.0,32.38,-64.68,73.4,11.41
215,Stellenbosch,20.0,ZA,1510848000.0,49.0,-33.93,18.87,68.0,20.8
216,Hobyo,0.0,SO,1510851429.0,78.0,5.35,48.53,79.35,14.0
217,Suntar,44.0,RU,1510851431.0,60.0,62.14,117.63,-6.87,6.4
218,Barra do Garcas,75.0,BR,1510848000.0,88.0,-15.89,-52.26,75.2,2.24
219,Vawkavysk,92.0,BY,1510851434.0,97.0,53.16,24.45,38.9,5.39
220,Changji,90.0,CN,1510848000.0,100.0,44.02,87.32,32.0,2.24
221,Talnakh,0.0,RU,1510851438.0,53.0,69.49,88.4,-31.49,2.93
222,Boone,1.0,US,1510850100.0,41.0,36.22,-81.67,60.8,12.75
223,Clarence Town,80.0,BS,1510851445.0,100.0,23.1,-74.98,79.35,13.22
224,Buraydah,0.0,SA,1510848000.0,31.0,26.33,43.98,75.2,9.17
225,Atar,44.0,MR,1510851451.0,15.0,20.52,-13.05,82.28,3.38
226,Grindavik,75.0,IS,1510848000.0,59.0,63.84,-22.43,35.6,14.99
227,Rizhao,76.0,CN,1510851455.0,87.0,35.43,119.46,50.15,7.07
228,Xining,0.0,CN,1510851456.0,61.0,36.62,101.77,15.86,1.59
229,Lorengau,36.0,PG,1510851458.0,100.0,-2.02,147.27,82.73,6.06
230,Ahipara,24.0,NZ,1510851460.0,100.0,-35.17,173.17,56.0,13.11
231,Zdvinsk,92.0,RU,1510851462.0,86.0,54.7,78.66,15.5,14.12
232,La Palma,92.0,PA,1510851464.0,96.0,8.4,-78.15,79.13,9.98
233,Orlik,0.0,RU,1510851466.0,31.0,52.52,99.83,-25.64,1.92
234,Villazon,0.0,BO,1510851468.0,31.0,-22.09,-65.59,65.99,5.95
235,Pisco,0.0,PE,1510848000.0,77.0,-13.7,-76.22,66.2,11.41
236,Port Hardy,75.0,CA,1510848480.0,100.0,50.7,-127.42,35.6,0.25
237,Nyamuswa,75.0,TZ,1510848000.0,83.0,-1.9,34.02,75.2,6.93
238,Conde,75.0,BR,1510848000.0,54.0,-7.26,-34.91,84.2,17.22
239,Vangaindrano,76.0,MG,1510851477.0,93.0,-23.35,47.6,71.84,5.39
240,Kodiak,90.0,US,1510847580.0,69.0,57.79,-152.41,39.2,14.99
241,Port Lincoln,0.0,AU,1510851485.0,100.0,-34.73,135.87,53.84,10.76
242,Rio Gallegos,90.0,AR,1510848000.0,93.0,-51.62,-69.22,48.2,14.99
243,Lagoa,20.0,PT,1510851488.0,99.0,39.05,-27.98,67.7,8.75
244,Dakar,0.0,SN,1510849800.0,42.0,14.69,-17.44,86.0,10.29
245,Svetlaya,0.0,RU,1510851492.0,100.0,46.54,138.33,14.51,12.77
246,Yako,0.0,BF,1510851494.0,31.0,12.97,-2.27,85.11,4.72
247,Fort Nelson,90.0,CA,1510848000.0,77.0,58.81,-122.7,3.2,5.82
248,Coruripe,68.0,BR,1510851499.0,90.0,-10.13,-36.18,80.3,14.67
249,Parrita,75.0,CR,1510848000.0,60.0,9.52,-84.32,77.0,12.75
250,Dehloran,0.0,IR,1510851503.0,84.0,32.69,47.27,52.58,3.15
251,Shitkino,48.0,RU,1510851505.0,66.0,56.37,98.35,-4.58,2.59
252,Faanui,76.0,PF,1510851508.0,97.0,-16.48,-151.75,81.96,13.22
253,Havelock,1.0,US,1510851360.0,48.0,34.88,-76.9,64.4,11.41
254,Hofn,0.0,IS,1510848000.0,50.0,64.25,-15.21,30.2,5.82
255,Takoradi,92.0,GH,1510851516.0,100.0,4.88,-1.76,77.1,10.87
256,Narsaq,75.0,GL,1510847400.0,85.0,60.92,-46.05,24.8,4.7
257,Port-de-Bouc,0.0,FR,1510849800.0,53.0,43.4,4.98,51.8,10.29
258,Klaksvik,32.0,FO,1510849200.0,86.0,62.23,-6.59,37.4,40.26
259,Tual,88.0,ID,1510851530.0,100.0,-5.67,132.75,79.31,1.92
260,Antofagasta,40.0,CL,1510848000.0,68.0,-23.65,-70.4,64.4,13.87
261,Geraldton,90.0,AU,1510850460.0,77.0,-28.77,114.6,69.8,10.29
262,La Romana,90.0,DO,1510848000.0,78.0,18.43,-68.97,84.2,9.17
263,Marystown,0.0,CA,1510851539.0,92.0,47.17,-55.15,40.52,11.21
264,Skibbereen,20.0,IE,1510849800.0,65.0,51.55,-9.27,44.6,5.82
265,Jiazi,68.0,CN,1510851543.0,100.0,22.88,116.07,71.03,9.75
266,Huarmey,0.0,PE,1510851545.0,56.0,-10.07,-78.15,72.38,4.16
267,Roura,75.0,GF,1510849800.0,59.0,4.73,-52.33,89.6,12.75
268,Saldanha,0.0,ZA,1510848000.0,46.0,-33.01,17.94,69.8,14.99
269,Braco do Norte,64.0,BR,1510851551.0,66.0,-28.27,-49.17,77.1,11.21
270,Baherden,0.0,TM,1510851553.0,86.0,38.44,57.43,39.71,2.82
271,Lazaro Cardenas,0.0,MX,1510851397.0,82.0,17.96,-102.2,84.44,3.38
272,Colesberg,0.0,ZA,1510851557.0,71.0,-30.72,25.1,43.94,11.88
273,Malacacheta,32.0,BR,1510851559.0,65.0,-17.84,-42.08,77.06,5.61
274,Peniche,0.0,PT,1510849800.0,45.0,39.36,-9.38,68.0,4.7
275,Kruisfontein,92.0,ZA,1510851563.0,91.0,-34.0,24.73,58.88,6.17
276,Makakilo City,90.0,US,1510850700.0,61.0,21.35,-158.09,77.0,13.87
277,Mao,0.0,TD,1510851566.0,20.0,14.12,15.31,82.19,8.97
278,Kushima,24.0,JP,1510851568.0,100.0,31.46,131.23,61.4,3.6
279,Shimoda,48.0,JP,1510851570.0,100.0,34.67,138.95,55.41,11.88
280,Manggar,48.0,ID,1510851572.0,100.0,-2.88,108.27,76.79,2.59
281,Paamiut,64.0,GL,1510851574.0,100.0,61.99,-49.67,32.42,3.6
282,Seydisehir,0.0,TR,1510851576.0,83.0,37.42,31.85,36.65,2.15
283,Kigoma,75.0,TZ,1510848000.0,88.0,-4.88,29.63,78.8,5.82
284,Taoudenni,20.0,ML,1510851580.0,17.0,22.68,-3.98,69.63,8.63
285,Omsukchan,20.0,RU,1510851583.0,78.0,62.53,155.8,-5.79,5.06
286,Opole Lubelskie,20.0,PL,1510851585.0,88.0,51.15,21.97,31.07,6.4
287,Lavrentiya,88.0,RU,1510851587.0,100.0,65.58,-171.0,29.18,14.23
288,Khanpur,0.0,PK,1510851591.0,94.0,28.65,70.66,60.5,8.63
289,Kahului,40.0,US,1510848000.0,83.0,20.89,-156.47,71.6,8.05
290,Effingham,90.0,US,1510850100.0,74.0,39.12,-88.54,37.4,4.7
291,Namatanai,48.0,PG,1510851596.0,100.0,-3.67,152.43,83.4,2.15
292,Bodden Town,20.0,KY,1510851000.0,74.0,19.28,-81.25,84.2,12.75
293,Isangel,8.0,VU,1510851600.0,100.0,-19.55,169.27,75.62,13.67
294,Canico,40.0,PT,1510849800.0,68.0,32.63,-16.85,69.8,9.17
295,Tessaoua,0.0,NE,1510851611.0,62.0,13.76,7.99,81.92,3.04
296,Mitu,75.0,CO,1510848000.0,88.0,1.2,-70.17,80.6,1.92
297,Lusambo,76.0,CD,1510851617.0,75.0,-4.97,23.45,76.38,4.27
298,Susanville,90.0,US,1510850100.0,93.0,40.42,-120.65,44.6,7.96
299,Culpeper,1.0,US,1510848900.0,47.0,38.47,-78.0,59.0,9.17
300,Abbeville,1.0,US,1510850100.0,73.0,29.97,-92.13,73.4,4.7
301,Toledo,0.0,ES,1510849800.0,25.0,39.86,-4.02,66.2,2.24
302,Badulla,88.0,LK,1510851628.0,98.0,6.99,81.06,68.55,2.15
303,Esperance,56.0,AU,1510851630.0,41.0,-33.87,121.9,67.88,19.82
304,Ust-Nera,56.0,RU,1510851544.0,67.0,64.57,143.2,-17.49,2.04
305,Magadan,90.0,RU,1510848000.0,92.0,59.57,150.8,19.4,2.24
306,Cap Malheureux,75.0,MU,1510848000.0,94.0,-19.98,57.61,75.2,3.36
307,Tshikapa,88.0,CD,1510851637.0,95.0,-6.42,20.8,72.02,3.71
308,Pravda,44.0,RU,1510848000.0,92.0,46.94,142.01,15.8,6.71
309,Saint-Pierre,0.0,PM,1510848000.0,56.0,46.77,-56.17,41.0,12.75
310,Colquechaca,20.0,BO,1510851643.0,31.0,-18.67,-66.02,68.28,2.48
311,Carauari,56.0,BR,1510851645.0,52.0,-4.88,-66.9,94.61,3.94
312,Beidao,92.0,CN,1510851647.0,100.0,34.57,105.89,39.35,2.26
313,Severo-Kurilsk,80.0,RU,1510851648.0,90.0,50.68,156.12,42.59,14.34
314,Hasaki,75.0,JP,1510848000.0,70.0,35.73,140.83,44.6,11.41
315,Broome,36.0,AU,1510849800.0,54.0,-17.97,122.23,84.2,12.75
316,Whitehorse,75.0,CA,1510848540.0,83.0,60.72,-135.05,-4.01,6.93
317,Santiago del Estero,24.0,AR,1510851569.0,40.0,-27.8,-64.26,75.53,8.75
318,Okhtyrka,24.0,UA,1510851661.0,86.0,50.31,34.9,27.6,3.6
319,Bilma,0.0,NE,1510851666.0,28.0,18.69,12.92,70.8,7.74
320,Arraial do Cabo,20.0,BR,1510851600.0,62.0,-22.97,-42.03,95.0,16.11
321,Baker City,90.0,US,1510847760.0,86.0,44.77,-117.83,33.8,4.7
322,Glendive,1.0,US,1510851300.0,79.0,47.11,-104.71,26.6,24.16
323,Virginia Beach,1.0,US,1510851600.0,51.0,36.85,-75.98,64.4,10.29
324,Cremona,0.0,IT,1510849200.0,53.0,45.14,10.03,53.6,3.27
325,Havre-Saint-Pierre,90.0,CA,1510850700.0,80.0,50.23,-63.6,33.8,9.17
326,Kirakira,56.0,SB,1510851679.0,100.0,-10.45,161.92,82.23,8.41
327,Thompson,90.0,CA,1510849200.0,76.0,55.74,-97.86,-4.01,5.82
328,Sturgis,90.0,US,1510850220.0,86.0,41.8,-85.42,39.2,9.17
329,Itoman,90.0,JP,1510849740.0,83.0,26.12,127.67,71.6,12.75
330,Sistranda,75.0,NO,1510849200.0,75.0,63.73,8.83,41.0,26.4
331,Vilyuysk,48.0,RU,1510851690.0,76.0,63.76,121.62,-7.1,5.95
332,Naze,44.0,JP,1510851692.0,100.0,28.37,129.48,69.95,12.44
333,Calama,0.0,CL,1510848000.0,14.0,-22.47,-68.93,75.2,17.22
334,Ouegoa,48.0,NC,1510851696.0,100.0,-20.35,164.43,69.18,6.4
335,Camacupa,20.0,AO,1510851697.0,58.0,-12.02,17.48,72.2,4.38
336,Gizo,68.0,SB,1510851699.0,100.0,-8.1,156.84,84.35,6.62
337,Ostrovnoy,64.0,RU,1510851680.0,91.0,68.05,39.51,25.53,17.47
338,Puerto Escondido,5.0,MX,1510847100.0,74.0,15.85,-97.07,80.6,5.82
339,Ulladulla,92.0,AU,1510848000.0,93.0,-35.35,150.47,59.0,3.36
340,Awbari,0.0,LY,1510851707.0,36.0,26.59,12.78,47.36,3.71
341,Camana,12.0,PE,1510851709.0,96.0,-16.62,-72.71,63.02,9.08
342,Yeppoon,40.0,AU,1510849800.0,82.0,-23.13,150.73,66.2,6.93
343,Ko Samui,92.0,TH,1510851713.0,100.0,9.54,99.94,81.74,8.86
344,Leshukonskoye,56.0,RU,1510851715.0,93.0,64.9,45.76,25.49,5.61
345,Ixtapa,5.0,MX,1510846980.0,69.0,20.7,-105.2,80.6,5.82
346,Sandpoint,90.0,US,1510850100.0,93.0,48.28,-116.55,35.6,5.82
347,Golub-Dobrzyn,92.0,PL,1510851720.0,96.0,53.11,19.05,40.25,8.52
348,Upernavik,64.0,GL,1510851616.0,100.0,72.79,-56.15,13.25,2.93
349,Fuerte Olimpo,64.0,PY,1510851724.0,86.0,-21.04,-57.87,84.53,4.72
350,Boali,40.0,CF,1510848000.0,74.0,4.8,18.13,82.4,1.7
351,Yerbogachen,44.0,RU,1510851728.0,70.0,61.28,108.01,-16.14,4.61
352,Longjiang,0.0,CN,1510851730.0,51.0,47.33,123.18,-9.89,2.93
353,Starobaltachevo,76.0,RU,1510851733.0,90.0,56.0,55.92,25.53,7.96
354,College,90.0,US,1510849380.0,92.0,64.86,-147.8,12.2,3.36
355,Emerald,0.0,AU,1510851736.0,72.0,-23.53,148.17,67.56,10.09
356,Kysyl-Syr,68.0,RU,1510851738.0,77.0,63.9,122.76,-7.59,5.84
357,Axim,92.0,GH,1510851740.0,100.0,4.87,-2.24,77.69,12.66
358,Beloha,32.0,MG,1510851742.0,93.0,-25.17,45.05,73.64,4.94
359,Katsuura,75.0,JP,1510848000.0,53.0,35.13,140.3,50.0,12.75
360,Santa Maria,75.0,CV,1510848000.0,58.0,16.6,-22.9,82.4,12.75
361,Pula,0.0,HR,1510849800.0,70.0,44.87,13.85,50.0,6.93
362,Harrismith,92.0,ZA,1510851753.0,90.0,-28.27,29.13,42.18,8.08
363,Poum,20.0,NC,1510851758.0,100.0,-20.23,164.02,75.35,17.13
364,Hualmay,20.0,PE,1510851760.0,66.0,-11.1,-77.61,70.04,5.73
365,Roma,88.0,AU,1510851764.0,94.0,-26.58,148.78,63.65,8.63
366,Trabzon,75.0,TR,1510849200.0,82.0,40.92,39.83,59.0,5.82
367,Ihosy,80.0,MG,1510851714.0,87.0,-22.4,46.12,69.05,2.15
368,Kutum,0.0,SD,1510851727.0,26.0,14.2,24.67,72.02,8.41
369,Mount Isa,90.0,AU,1510849800.0,22.0,-20.73,139.5,80.6,12.75
370,Brae,20.0,GB,1510849200.0,96.0,60.4,-1.35,42.8,32.21
371,Sicamous,90.0,CA,1510848900.0,100.0,50.83,-118.99,33.8,2.24
372,Nehe,0.0,CN,1510851779.0,23.0,48.48,124.83,-16.05,4.83
373,Buritama,12.0,BR,1510851781.0,43.0,-21.07,-50.15,92.81,11.54
374,Filingue,0.0,NE,1510851783.0,40.0,14.35,3.32,84.71,4.16
375,Half Moon Bay,90.0,US,1510850340.0,93.0,37.46,-122.43,57.2,3.27
376,Baringo,24.0,KE,1510851786.0,83.0,0.47,35.97,62.43,3.71
377,Tucuma,44.0,BR,1510851788.0,71.0,-0.18,-50.05,87.95,13.89
378,Beringovskiy,0.0,RU,1510851759.0,91.0,63.05,179.32,29.58,22.73
379,San Agustin Acasaguastlan,8.0,GT,1510851792.0,46.0,14.95,-89.97,80.16,1.92
380,Shepetivka,76.0,UA,1510851794.0,92.0,50.19,27.06,34.85,3.04
381,Shevchenkove,36.0,UA,1510851600.0,86.0,49.7,37.17,37.4,6.71
382,Bafq,0.0,IR,1510851798.0,59.0,31.61,55.41,37.41,3.49
383,Baruun-Urt,0.0,MN,1510851730.0,64.0,46.68,113.28,-5.84,10.2
384,Groton,90.0,US,1510851660.0,93.0,41.35,-72.08,55.4,6.93
385,Nurota,0.0,UZ,1510849800.0,69.0,40.56,65.69,33.8,4.7
386,Kieta,80.0,PG,1510851633.0,100.0,-6.22,155.63,76.97,5.17
387,Nome,90.0,US,1510849920.0,98.0,64.5,-165.41,32.0,8.05
388,Meulaboh,100.0,ID,1510851628.0,100.0,4.14,96.13,79.71,3.04
389,Platteville,90.0,US,1510848900.0,73.0,42.73,-90.48,33.8,8.05
390,Meiktila,88.0,MM,1510851811.0,94.0,20.87,95.87,73.73,1.7
391,Yar-Sale,0.0,RU,1510851813.0,81.0,66.83,70.83,6.14,5.5
392,Marevo,88.0,RU,1510851815.0,87.0,57.31,32.08,37.1,12.33
393,Sungairaya,36.0,ID,1510851732.0,100.0,0.7,108.9,74.45,1.59
394,Havoysund,75.0,NO,1510849200.0,69.0,71.0,24.66,37.4,10.29
395,Chicama,75.0,PE,1510848000.0,72.0,-7.84,-79.15,68.0,11.41
396,Fasa,0.0,IR,1510848000.0,23.0,28.94,53.65,50.0,1.7
397,Palu,56.0,ID,1510851826.0,95.0,-0.89,119.87,79.53,3.15
398,Ambilobe,0.0,MG,1510851828.0,65.0,-13.2,49.05,78.9,11.1
399,Bereznik,68.0,RU,1510851830.0,90.0,62.86,42.71,27.38,5.73
400,Rafaela,0.0,AR,1510851832.0,46.0,-31.25,-61.49,75.89,9.75
401,Jackson,90.0,US,1510851240.0,64.0,32.3,-90.18,71.6,4.05
402,Xiongzhou,0.0,CN,1510851835.0,92.0,25.12,114.3,62.16,2.37
403,Yelovo,12.0,RU,1510851837.0,92.0,57.05,54.92,25.85,5.73
404,Oistins,75.0,BB,1510848000.0,74.0,13.07,-59.53,87.8,14.99
405,Bol,8.0,TD,1510851840.0,17.0,13.46,14.71,85.97,8.75
406,Marabba,0.0,SD,1510851842.0,37.0,12.35,32.18,82.05,4.72
407,Deputatskiy,80.0,RU,1510851844.0,73.0,69.3,139.9,4.52,12.55
408,Abaza,44.0,RU,1510851846.0,60.0,52.66,90.09,-8.04,1.92
409,San Rafael,80.0,PH,1510851848.0,100.0,13.22,123.6,74.76,2.71
410,Bonavista,0.0,CA,1510851850.0,93.0,48.65,-53.11,38.58,20.27
411,Goya,90.0,AR,1510850100.0,72.0,-29.14,-59.26,60.8,12.75
412,Gerash,0.0,IR,1510848000.0,42.0,27.67,54.14,62.6,2.15
413,Balaipungut,40.0,ID,1510849800.0,88.0,1.05,101.28,78.8,0.81
414,Reconquista,90.0,AR,1510850100.0,72.0,-29.15,-59.65,60.8,12.75
415,Ust-Kut,76.0,RU,1510851863.0,68.0,56.79,105.77,-15.92,3.38
416,Shagonar,12.0,RU,1510851865.0,92.0,51.53,92.8,-9.39,2.15
417,Laem Sing,0.0,TH,1510851867.0,95.0,12.48,102.07,77.51,2.37
418,Sao Joao da Barra,0.0,BR,1510848000.0,48.0,-21.64,-41.05,87.8,18.34
419,Key Largo,75.0,US,1510849860.0,74.0,25.09,-80.45,78.8,10.29
420,Vardo,75.0,NO,1510847400.0,100.0,70.37,31.11,30.2,10.29
421,Ponta Delgada,20.0,PT,1510849800.0,77.0,37.73,-25.67,69.8,4.7
422,Thinadhoo,92.0,MV,1510851876.0,100.0,0.53,72.93,82.28,12.77
423,Korla,92.0,CN,1510851877.0,93.0,41.76,86.15,34.26,6.73
424,Dingle,8.0,IE,1510851677.0,100.0,52.14,-10.27,48.08,5.06
425,Nenjiang,0.0,CN,1510851881.0,57.0,49.18,125.22,-12.32,3.38
426,Zhigansk,68.0,RU,1510851883.0,81.0,66.77,123.37,-8.4,0.81
427,Bialogard,76.0,PL,1510851885.0,98.0,54.01,15.99,42.32,10.2
428,Manzanillo,20.0,MX,1510847640.0,74.0,19.05,-104.32,84.2,6.93
429,Ballina,40.0,IE,1510849800.0,86.0,54.12,-9.17,41.0,5.82
430,Linao,88.0,PH,1510851892.0,97.0,7.17,124.97,71.66,2.82
431,Ocos,20.0,GT,1510848000.0,58.0,14.51,-92.19,87.8,2.24
432,Sungaipenuh,76.0,ID,1510851896.0,98.0,-2.08,101.38,66.48,1.14
433,Tazovskiy,92.0,RU,1510851898.0,86.0,67.47,78.7,2.81,13.56
434,Muswellbrook,92.0,AU,1510851902.0,98.0,-32.27,150.9,59.96,2.93
435,Grand Gaube,75.0,MU,1510848000.0,94.0,-20.01,57.66,75.2,3.36
436,Syamzha,80.0,RU,1510851906.0,93.0,60.02,41.06,30.26,11.43
437,Miles City,1.0,US,1510851180.0,69.0,46.41,-105.84,33.8,8.05
438,Manoel Urbano,64.0,BR,1510851910.0,66.0,-8.84,-69.26,88.13,2.93
439,Azul,0.0,AR,1510851678.0,70.0,-36.78,-59.86,69.0,12.44
440,Owando,44.0,CG,1510851913.0,91.0,-0.48,15.9,75.8,2.37
441,Ustyuzhna,92.0,RU,1510851915.0,94.0,58.84,36.43,32.91,7.85
442,Jishu,88.0,CN,1510851917.0,74.0,44.32,126.8,17.21,3.71
443,Kribi,56.0,CM,1510851921.0,91.0,2.95,9.92,76.79,5.61
444,Westport,40.0,IE,1510849800.0,86.0,53.8,-9.52,41.0,5.82
445,Joinville,20.0,BR,1510848000.0,59.0,-26.3,-48.85,93.2,5.82
446,Saint-Augustin,8.0,CA,1510851670.0,100.0,51.23,-58.65,28.19,6.62
447,Gueret,0.0,FR,1510849800.0,53.0,46.17,1.87,50.0,6.93
448,Dunedin,48.0,NZ,1510851631.0,91.0,-45.87,170.5,46.1,2.71
449,Yarensk,56.0,RU,1510851932.0,87.0,62.17,49.09,23.06,4.61
450,Kamenka,88.0,RU,1510851667.0,91.0,51.32,42.77,34.58,13.33
451,Taltal,0.0,CL,1510851935.0,70.0,-25.4,-70.48,69.41,4.38
452,Teya,76.0,RU,1510851937.0,72.0,60.38,92.63,-6.6,4.72
453,Hamilton,20.0,BM,1510847700.0,60.0,32.29,-64.78,73.4,11.41
454,Ankang,92.0,CN,1510851942.0,98.0,32.68,109.02,44.57,2.37
455,Kidal,0.0,ML,1510851944.0,23.0,18.44,1.41,69.05,3.94
456,Rochegda,88.0,RU,1510851946.0,90.0,62.8,43.25,27.92,6.96
457,Arlit,12.0,NE,1510851948.0,26.0,18.74,7.39,77.42,5.06
458,Grafton,90.0,US,1510851360.0,87.0,42.21,-71.69,53.6,9.17
459,Eura,0.0,FI,1510851000.0,98.0,61.13,22.08,33.8,4.7
460,Sokoto,0.0,NG,1510851955.0,57.0,13.06,5.24,84.44,2.93
461,Mana,76.0,GF,1510851957.0,69.0,5.66,-53.78,86.1,4.05
462,Ginir,0.0,ET,1510851959.0,52.0,7.13,40.7,54.33,3.6
463,Cabo San Lucas,5.0,MX,1510847100.0,42.0,22.89,-109.91,80.6,4.7
464,Sao Jose de Ribamar,40.0,BR,1510851600.0,52.0,-2.56,-44.05,89.6,17.22
465,Manzhouli,12.0,CN,1510851681.0,62.0,49.6,117.43,-4.67,8.86
466,Mangai,92.0,CD,1510851966.0,100.0,-4.05,19.53,70.8,2.26
467,Rio Grande,90.0,BR,1510848000.0,93.0,-32.03,-52.1,62.6,8.05
468,Zykovo,64.0,RU,1510849800.0,84.0,55.95,93.15,-2.21,2.24
469,Pitimbu,75.0,BR,1510848000.0,54.0,-7.47,-34.81,84.2,17.22
470,Khandbari,0.0,NP,1510851973.0,66.0,27.37,87.2,36.11,1.59
471,Toora-Khem,0.0,RU,1510851795.0,57.0,52.47,96.11,-14.48,1.7
472,Ossora,64.0,RU,1510851980.0,94.0,59.24,163.07,24.63,3.94
473,Bandarbeyla,0.0,SO,1510851982.0,100.0,9.49,50.81,82.01,16.02
474,Harindanga,75.0,IN,1510849800.0,88.0,22.04,88.32,69.8,5.82
475,Te Anau,56.0,NZ,1510851985.0,89.0,-45.42,167.72,42.81,2.71
476,Thomaston,1.0,US,1510850100.0,48.0,32.89,-84.33,64.4,9.17
477,Vila Velha,20.0,BR,1510848000.0,66.0,-20.33,-40.29,84.2,17.22
478,Casablanca,0.0,MA,1510849800.0,64.0,33.59,-7.62,68.0,10.29
479,Marathon,1.0,US,1510847580.0,69.0,24.71,-81.09,77.0,13.87
480,Sao Jose da Coroa Grande,48.0,BR,1510851995.0,74.0,-8.9,-35.15,80.48,11.99
481,Parana,0.0,AR,1510851997.0,46.0,-31.73,-60.52,75.26,10.65
482,Kuopio,90.0,FI,1510851000.0,96.0,62.88,27.67,32.0,10.29
483,Lefka,0.0,CY,1510849800.0,77.0,35.11,32.85,66.2,6.93
484,Jashpurnagar,88.0,IN,1510852002.0,88.0,22.9,84.15,67.25,9.19
485,Ende,88.0,ID,1510852004.0,100.0,-8.84,121.66,80.16,5.61
486,Mae Sai,0.0,TH,1510852006.0,97.0,20.43,99.88,64.28,1.92
487,Volovo,24.0,RU,1510852008.0,91.0,53.56,38.0,33.68,15.23
488,Pecos,90.0,US,1510851300.0,82.0,31.42,-103.49,57.2,4.38
489,Guajara,0.0,BR,1510852012.0,66.0,-2.97,-57.67,89.57,5.39
490,Nanortalik,44.0,GL,1510852015.0,92.0,60.14,-45.24,27.56,3.6
491,Shobara,0.0,JP,1510852017.0,70.0,34.85,133.02,22.25,2.04
492,Mujiayingzi,0.0,CN,1510852019.0,61.0,42.12,118.78,21.21,9.98
493,Mandalgovi,0.0,MN,1510852021.0,67.0,45.76,106.27,-12.0,3.15
494,Mogadishu,0.0,SO,1510852023.0,98.0,2.04,45.34,82.28,16.02
495,Vestmannaeyjar,40.0,IS,1510849080.0,100.0,63.44,-20.27,33.8,9.17
496,General Roca,0.0,AR,1510848000.0,36.0,-39.03,-67.58,75.2,11.41
497,Miraflores,24.0,CO,1510852029.0,71.0,1.34,-71.95,87.81,2.71
498,Bonnyville,90.0,CA,1510849140.0,92.0,54.27,-110.74,8.6,10.2
499,Golspie,40.0,GB,1510851000.0,70.0,57.97,-3.98,42.8,19.46
